name,description,address,city,country,latitude,longitude,checkInTime,checkOutTime,ownerEmail,imageUrl
Hôtel Riviera Nice,"Inspiré de l'établissement « Hôtel du Couvent » (Nice). Établissement 5 étoiles face à la Promenade des Anglais, avec rooftop, piscine et petit-déjeuner buffet méditerranéen.",15 Promenade des Anglais,Nice,France,43.6976,7.2786,15:00,11:00,sophie.martin@example.com,https://picsum.photos/seed/hotel-riviera-nice/1200/800
Le Grand Lyon,"Inspiré de l'établissement « The Ruck Hotel » (Lyon 7e Arrondissement). Hôtel urbain 3 étoiles proche de la gare Part-Dieu et du centre historique, idéal pour voyages d'affaires.",22 Rue de la République,Lyon,France,45.7256,4.8312,14:00,12:00,lucas.bernard@example.com,https://picsum.photos/seed/hotel-grand-lyon/1200/800
Maison Bordeaux,"Inspiré de l'établissement « Campanile » (Gradignan). Chambre d'hôtes de charme dans le quartier Saint-Pierre, jardin privatif et dégustations de vins bordelais.",8 Cours du Chapeau Rouge,Bordeaux,France,44.7901,-0.6031,16:00,10:00,emma.dubois@example.com,https://picsum.photos/seed/hotel-maison-bordeaux/1200/800
Paris Étoile,"Inspiré de l'établissement « Easy hôtel » (Aubervilliers). Hôtel 4 étoiles à deux pas des Champs-Élysées, service conciergerie et chambres soundproof.",40 Avenue Kléber,Paris,France,48.9062,2.3665,15:00,11:00,hugo.thomas@example.com,https://picsum.photos/seed/hotel-paris-etoile/1200/800
Marseille Vieux-Port,"Inspiré de l'établissement « Hôtel Beauvau » (Marseille 1er Arrondissement). Hôtel boutique sur le Vieux-Port avec vue mer, restaurant de poissons et accès ferry.",3 Quai du Port,Marseille,France,43.295,5.3748,15:00,11:00,chloe.robert@example.com,https://picsum.photos/seed/hotel-marseille-vieux-port/1200/800
Toulouse Canal,"Inspiré de l'établissement « Zenitude Hôtel-Résidences Le Parc de l’Escale » (Toulouse). Hôtel design le long du canal du Midi, parking sécurisé et bar lounge.",12 Allée Jean Jaurès,Toulouse,France,43.6058,1.3583,14:00,11:00,louis.richard@example.com,https://picsum.photos/seed/hotel-toulouse-canal/1200/800
Nantes Loire,"Inspiré de l'établissement « La Terrasse » (Rezé). Hôtel 4 étoiles en bord de Loire, spa et salle de fitness, centre piéton à 5 minutes.",5 Quai de la Fosse,Nantes,France,47.1755,-1.5659,15:00,11:00,camille.petit@example.com,https://picsum.photos/seed/hotel-nantes-loire/1200/800
Strasbourg Cathédrale,"Inspiré de l'établissement « City Résidence Strasbourg Access » (Strasbourg). Hôtel traditionnel alsacien près de la Petite France, petit-déjeuner choucroute et spa.",18 Rue des Frères,Strasbourg,France,48.59,7.7397,15:00,11:00,nathan.durand@example.com,https://picsum.photos/seed/hotel-strasbourg-cathedrale/1200/800
Lille Grand Place,"Inspiré de l'établissement « Ibis Budget » (Villeneuve-d'Ascq). Hôtel centre-ville face à la Grand Place, métro et gare Lille-Flandres à proximité.",2 Place Rihour,Lille,France,50.6434,3.1427,14:00,11:00,lea.moreau@example.com,https://picsum.photos/seed/hotel-lille-grand-place/1200/800
Montpellier Sud,"Inspiré de l'établissement « Auberge du Bérange » (Saint-Geniès-des-Mourgues). Résidence hôtelière avec piscine extérieure, proche plages et aéroport Montpellier-Méditerranée.",45 Avenue de la Mer,Montpellier,France,43.697,4.0139,15:00,11:00,arthur.simon@example.com,https://picsum.photos/seed/hotel-montpellier-sud/1200/800
Rennes Bretagne,"Inspiré de l'établissement « Océania » (Saint-Grégoire). Hôtel 3 étoiles avec spa et salles de séminaire, quartier calme proche du centre historique.",9 Rue de Nemours,Rennes,France,48.1543,-1.6961,15:00,11:00,manon.laurent@example.com,https://picsum.photos/seed/hotel-rennes-bretagne/1200/800
Grenoble Alpes,"Inspiré de l'établissement « Hôtel La Tapia » (Autrans-Méaudre en Vercors). Hôtel montagne avec vue sur les Alpes, local à skis et partenariat stations de ski.",6 Rue Thiers,Grenoble,France,45.1738,5.5432,16:00,10:00,jules.lefebvre@example.com,https://picsum.photos/seed/hotel-grenoble-alpes/1200/800
Annecy Lac,"Inspiré de l'établissement « Hôtel Restaurant La villa du lac » (Veyrier-du-Lac). Hôtel 4 étoiles au bord du lac d'Annecy, ponton privé et location de paddle.",11 Rue Royale,Annecy,France,45.8816,6.1788,15:00,11:00,ines.garcia@example.com,https://picsum.photos/seed/hotel-annecy-lac/1200/800
Biarritz Océan,"Inspiré de l'établissement « Résidence La Réserve » (Saint-Jean-de-Luz). Hôtel surf & spa face à l'océan Atlantique, restaurant gastronomique et école de surf partenaire.",4 Avenue de l'Impératrice,Biarritz,France,43.402,-1.6586,15:00,11:00,theo.roux@example.com,https://picsum.photos/seed/hotel-biarritz-ocean/1200/800
Cannes Croisette,"Inspiré de l'établissement « Hôtel Belles Rives » (Antibes). Palace urbain sur la Croisette pour congrès et festival, rooftop panoramique et conciergerie 24h/24.",25 Boulevard de la Croisette,Cannes,France,43.5648,7.1155,15:00,11:00,sarah.fournier@example.com,https://picsum.photos/seed/hotel-cannes-croisette/1200/800
Aix Cours Mirabeau,"Inspiré de l'établissement « hotelF1 » (Meyreuil). Hôtel provençal sur le Cours Mirabeau, terrasse ombragée et cave à vins Côtes de Provence.",17 Cours Mirabeau,Aix-en-Provence,France,43.4906,5.526,15:00,11:00,maxime.girard@example.com,https://picsum.photos/seed/hotel-aix-mirabeau/1200/800
Avignon Palais des Papes,"Inspiré de l'établissement « La Garbure » (Châteauneuf-du-Pape). Maison d'hôtes dans les remparts, patio fleuri et vue sur le Palais des Papes.",3 Rue du Vieux Sextier,Avignon,France,44.0561,4.8314,16:00,10:00,julie.andre@example.com,https://picsum.photos/seed/hotel-avignon-papes/1200/800
Dijon Bourgogne,"Inspiré de l'établissement « La Bonbonnière » (Talant). Hôtel 3 étoiles au cœur des Ducs de Bourgogne, cave voûtée et dégustations de grands crus.",14 Rue de la Liberté,Dijon,France,47.3357,5.0021,15:00,11:00,paul.mercier@example.com,https://picsum.photos/seed/hotel-dijon-bourgogne/1200/800
Tours Loire Valley,"Inspiré de l'établissement « Kyriad » (Joué-lès-Tours). Hôtel château de la Loire, jardins à la française et excursions châteaux partenaires.",28 Avenue de Grammont,Tours,France,47.3621,0.6746,15:00,11:00,clara.blanc@example.com,https://picsum.photos/seed/hotel-tours-loire/1200/800
Toulon Mourillon,"Inspiré de l'établissement « Le Télo » (Saint-Mandrier-sur-Mer). Hôtel balnéaire sur les plages du Mourillon, piscine vue mer et port de plaisance.",7 Avenue de la République,Toulon,France,43.0793,5.9273,15:00,11:00,antoine.guerin@example.com,https://picsum.photos/seed/hotel-toulon-mourillon/1200/800
