name,description,pricePerNight,maxGuests,bedrooms,bathrooms,beds,quantity,size,status,propertyName,imageUrls
Chambre Standard Nice,"Chambre confortable avec literie premium, climatisation et Wi-Fi fibre.",95,2,1,1,1,1,22,available,Hôtel Riviera Nice,https://picsum.photos/seed/room-riviera-nice-1/800/600;https://picsum.photos/seed/room-riviera-nice-1-b/800/600
Chambre Supérieure Nice,"Espace optimisé avec bureau, machine Nespresso et salle de bain moderne.",109,2,1,1,1,1,26,available,Hôtel Riviera Nice,https://picsum.photos/seed/room-riviera-nice-2/800/600
Chambre Deluxe Nice,"Chambre spacieuse avec vue partielle, minibar et peignoirs fournis.",128,2,1,1,1,1,30,available,Hôtel Riviera Nice,https://picsum.photos/seed/room-riviera-nice-3/800/600
Chambre Twin Nice,"Deux lits simples idéale pour collègues ou amis, espace rangement généreux.",105,2,1,1,2,1,24,available,Hôtel Riviera Nice,https://picsum.photos/seed/room-riviera-nice-4/800/600;https://picsum.photos/seed/room-riviera-nice-4-b/800/600
Chambre Familiale Nice,Grande chambre pouvant accueillir jusqu'à quatre personnes avec canapé-lit.,138,4,2,1,2,1,38,available,Hôtel Riviera Nice,https://picsum.photos/seed/room-riviera-nice-5/800/600
Studio Affaires Nice,"Studio avec coin bureau, prise USB-C et accès salle de réunion sur demande.",114,1,1,1,1,1,28,occupied,Hôtel Riviera Nice,https://picsum.photos/seed/room-riviera-nice-6/800/600
Junior Suite Nice,"Junior suite avec salon séparé, baignoire et vue sur la ville.",157,2,1,1,1,1,36,available,Hôtel Riviera Nice,https://picsum.photos/seed/room-riviera-nice-7/800/600;https://picsum.photos/seed/room-riviera-nice-7-b/800/600
Suite Panorama Nice,Suite avec balcon ou terrasse et vue panoramique sur les environs.,180,2,1,1,1,1,42,available,Hôtel Riviera Nice,https://picsum.photos/seed/room-riviera-nice-8/800/600
Suite Prestige Nice,Suite haut de gamme avec service de chambre 24h/24 et produits d'accueil bio. Accès spa et late check-out sur demande.,209,2,1,1,1,1,48,maintenance,Hôtel Riviera Nice,https://picsum.photos/seed/room-riviera-nice-9/800/600
Chambre Économique Nice,Option économique propre et fonctionnelle pour courts séjours.,71,1,1,1,1,1,16,available,Hôtel Riviera Nice,https://picsum.photos/seed/room-riviera-nice-10/800/600;https://picsum.photos/seed/room-riviera-nice-10-b/800/600
Chambre Accessible PMR Nice,"Chambre adaptée mobilité réduite, douche à l'italienne et barres d'appui.",100,2,1,1,1,1,25,available,Hôtel Riviera Nice,https://picsum.photos/seed/room-riviera-nice-11/800/600
Duplex Vue Nice,"Duplex avec mezzanine, salon et literie king size pour séjours prolongés.",166,3,1,1,2,1,45,maintenance,Hôtel Riviera Nice,https://picsum.photos/seed/room-riviera-nice-12/800/600
Chambre Standard Lyon,"Chambre confortable avec literie premium, climatisation et Wi-Fi fibre.",88,2,1,1,1,1,22,available,Le Grand Lyon,https://picsum.photos/seed/room-grand-lyon-1/800/600;https://picsum.photos/seed/room-grand-lyon-1-b/800/600
Chambre Supérieure Lyon,"Espace optimisé avec bureau, machine Nespresso et salle de bain moderne.",101,2,1,1,1,1,26,available,Le Grand Lyon,https://picsum.photos/seed/room-grand-lyon-2/800/600
Chambre Deluxe Lyon,"Chambre spacieuse avec vue partielle, minibar et peignoirs fournis.",119,2,1,1,1,1,30,available,Le Grand Lyon,https://picsum.photos/seed/room-grand-lyon-3/800/600
Chambre Twin Lyon,"Deux lits simples idéale pour collègues ou amis, espace rangement généreux.",97,2,1,1,2,1,24,available,Le Grand Lyon,https://picsum.photos/seed/room-grand-lyon-4/800/600;https://picsum.photos/seed/room-grand-lyon-4-b/800/600
Chambre Familiale Lyon,Grande chambre pouvant accueillir jusqu'à quatre personnes avec canapé-lit.,128,4,2,1,2,1,38,available,Le Grand Lyon,https://picsum.photos/seed/room-grand-lyon-5/800/600
Studio Affaires Lyon,"Studio avec coin bureau, prise USB-C et accès salle de réunion sur demande.",106,1,1,1,1,1,28,occupied,Le Grand Lyon,https://picsum.photos/seed/room-grand-lyon-6/800/600
Junior Suite Lyon,"Junior suite avec salon séparé, baignoire et vue sur la ville.",145,2,1,1,1,1,36,available,Le Grand Lyon,https://picsum.photos/seed/room-grand-lyon-7/800/600;https://picsum.photos/seed/room-grand-lyon-7-b/800/600
Suite Panorama Lyon,Suite avec balcon ou terrasse et vue panoramique sur les environs.,167,2,1,1,1,1,42,available,Le Grand Lyon,https://picsum.photos/seed/room-grand-lyon-8/800/600
Suite Prestige Lyon,Suite haut de gamme avec service de chambre 24h/24 et produits d'accueil bio.,194,2,1,1,1,1,48,maintenance,Le Grand Lyon,https://picsum.photos/seed/room-grand-lyon-9/800/600
Chambre Économique Lyon,Option économique propre et fonctionnelle pour courts séjours.,66,1,1,1,1,1,16,available,Le Grand Lyon,https://picsum.photos/seed/room-grand-lyon-10/800/600;https://picsum.photos/seed/room-grand-lyon-10-b/800/600
Chambre Accessible PMR Lyon,"Chambre adaptée mobilité réduite, douche à l'italienne et barres d'appui.",92,2,1,1,1,1,25,available,Le Grand Lyon,https://picsum.photos/seed/room-grand-lyon-11/800/600
Duplex Vue Lyon,"Duplex avec mezzanine, salon et literie king size pour séjours prolongés.",154,3,1,1,2,1,45,maintenance,Le Grand Lyon,https://picsum.photos/seed/room-grand-lyon-12/800/600
Chambre Standard Bordeaux,"Chambre confortable avec literie premium, climatisation et Wi-Fi fibre.",75,2,1,1,1,1,22,available,Maison Bordeaux,https://picsum.photos/seed/room-maison-bordeaux-1/800/600;https://picsum.photos/seed/room-maison-bordeaux-1-b/800/600
Chambre Supérieure Bordeaux,"Espace optimisé avec bureau, machine Nespresso et salle de bain moderne.",86,2,1,1,1,1,26,available,Maison Bordeaux,https://picsum.photos/seed/room-maison-bordeaux-2/800/600
Chambre Deluxe Bordeaux,"Chambre spacieuse avec vue partielle, minibar et peignoirs fournis.",101,2,1,1,1,1,30,available,Maison Bordeaux,https://picsum.photos/seed/room-maison-bordeaux-3/800/600
Chambre Twin Bordeaux,"Deux lits simples idéale pour collègues ou amis, espace rangement généreux.",82,2,1,1,2,1,24,available,Maison Bordeaux,https://picsum.photos/seed/room-maison-bordeaux-4/800/600;https://picsum.photos/seed/room-maison-bordeaux-4-b/800/600
Chambre Familiale Bordeaux,Grande chambre pouvant accueillir jusqu'à quatre personnes avec canapé-lit.,109,4,2,1,2,1,38,available,Maison Bordeaux,https://picsum.photos/seed/room-maison-bordeaux-5/800/600
Studio Affaires Bordeaux,"Studio avec coin bureau, prise USB-C et accès salle de réunion sur demande.",90,1,1,1,1,1,28,occupied,Maison Bordeaux,https://picsum.photos/seed/room-maison-bordeaux-6/800/600
Junior Suite Bordeaux,"Junior suite avec salon séparé, baignoire et vue sur la ville.",124,2,1,1,1,1,36,available,Maison Bordeaux,https://picsum.photos/seed/room-maison-bordeaux-7/800/600;https://picsum.photos/seed/room-maison-bordeaux-7-b/800/600
Suite Panorama Bordeaux,Suite avec balcon ou terrasse et vue panoramique sur les environs.,142,2,1,1,1,1,42,available,Maison Bordeaux,https://picsum.photos/seed/room-maison-bordeaux-8/800/600
Suite Prestige Bordeaux,Suite haut de gamme avec service de chambre 24h/24 et produits d'accueil bio.,165,2,1,1,1,1,48,maintenance,Maison Bordeaux,https://picsum.photos/seed/room-maison-bordeaux-9/800/600
Chambre Économique Bordeaux,Option économique propre et fonctionnelle pour courts séjours.,56,1,1,1,1,1,16,available,Maison Bordeaux,https://picsum.photos/seed/room-maison-bordeaux-10/800/600;https://picsum.photos/seed/room-maison-bordeaux-10-b/800/600
Chambre Accessible PMR Bordeaux,"Chambre adaptée mobilité réduite, douche à l'italienne et barres d'appui.",79,2,1,1,1,1,25,available,Maison Bordeaux,https://picsum.photos/seed/room-maison-bordeaux-11/800/600
Duplex Vue Bordeaux,"Duplex avec mezzanine, salon et literie king size pour séjours prolongés.",131,3,1,1,2,1,45,maintenance,Maison Bordeaux,https://picsum.photos/seed/room-maison-bordeaux-12/800/600
Chambre Standard Paris,"Chambre confortable avec literie premium, climatisation et Wi-Fi fibre.",145,2,1,1,1,1,22,available,Paris Étoile,https://picsum.photos/seed/room-paris-etoile-1/800/600;https://picsum.photos/seed/room-paris-etoile-1-b/800/600
Chambre Supérieure Paris,"Espace optimisé avec bureau, machine Nespresso et salle de bain moderne.",167,2,1,1,1,1,26,available,Paris Étoile,https://picsum.photos/seed/room-paris-etoile-2/800/600
Chambre Deluxe Paris,"Chambre spacieuse avec vue partielle, minibar et peignoirs fournis.",196,2,1,1,1,1,30,available,Paris Étoile,https://picsum.photos/seed/room-paris-etoile-3/800/600
Chambre Twin Paris,"Deux lits simples idéale pour collègues ou amis, espace rangement généreux.",160,2,1,1,2,1,24,available,Paris Étoile,https://picsum.photos/seed/room-paris-etoile-4/800/600;https://picsum.photos/seed/room-paris-etoile-4-b/800/600
Chambre Familiale Paris,Grande chambre pouvant accueillir jusqu'à quatre personnes avec canapé-lit.,210,4,2,1,2,1,38,available,Paris Étoile,https://picsum.photos/seed/room-paris-etoile-5/800/600
Studio Affaires Paris,"Studio avec coin bureau, prise USB-C et accès salle de réunion sur demande.",174,1,1,1,1,1,28,occupied,Paris Étoile,https://picsum.photos/seed/room-paris-etoile-6/800/600
Junior Suite Paris,"Junior suite avec salon séparé, baignoire et vue sur la ville.",239,2,1,1,1,1,36,available,Paris Étoile,https://picsum.photos/seed/room-paris-etoile-7/800/600;https://picsum.photos/seed/room-paris-etoile-7-b/800/600
Suite Panorama Paris,Suite avec balcon ou terrasse et vue panoramique sur les environs.,276,2,1,1,1,1,42,available,Paris Étoile,https://picsum.photos/seed/room-paris-etoile-8/800/600
Suite Prestige Paris,Suite haut de gamme avec service de chambre 24h/24 et produits d'accueil bio. Accès spa et late check-out sur demande.,319,2,1,1,1,1,48,maintenance,Paris Étoile,https://picsum.photos/seed/room-paris-etoile-9/800/600
Chambre Économique Paris,Option économique propre et fonctionnelle pour courts séjours.,109,1,1,1,1,1,16,available,Paris Étoile,https://picsum.photos/seed/room-paris-etoile-10/800/600;https://picsum.photos/seed/room-paris-etoile-10-b/800/600
Chambre Accessible PMR Paris,"Chambre adaptée mobilité réduite, douche à l'italienne et barres d'appui.",152,2,1,1,1,1,25,available,Paris Étoile,https://picsum.photos/seed/room-paris-etoile-11/800/600
Duplex Vue Paris,"Duplex avec mezzanine, salon et literie king size pour séjours prolongés.",254,3,1,1,2,1,45,maintenance,Paris Étoile,https://picsum.photos/seed/room-paris-etoile-12/800/600
Chambre Standard Marseille,"Chambre confortable avec literie premium, climatisation et Wi-Fi fibre.",98,2,1,1,1,1,22,available,Marseille Vieux-Port,https://picsum.photos/seed/room-marseille-vieux-port-1/800/600;https://picsum.photos/seed/room-marseille-vieux-port-1-b/800/600
Chambre Supérieure Marseille,"Espace optimisé avec bureau, machine Nespresso et salle de bain moderne.",113,2,1,1,1,1,26,available,Marseille Vieux-Port,https://picsum.photos/seed/room-marseille-vieux-port-2/800/600
Chambre Deluxe Marseille,"Chambre spacieuse avec vue partielle, minibar et peignoirs fournis.",132,2,1,1,1,1,30,available,Marseille Vieux-Port,https://picsum.photos/seed/room-marseille-vieux-port-3/800/600
Chambre Twin Marseille,"Deux lits simples idéale pour collègues ou amis, espace rangement généreux.",108,2,1,1,2,1,24,available,Marseille Vieux-Port,https://picsum.photos/seed/room-marseille-vieux-port-4/800/600;https://picsum.photos/seed/room-marseille-vieux-port-4-b/800/600
Chambre Familiale Marseille,Grande chambre pouvant accueillir jusqu'à quatre personnes avec canapé-lit.,142,4,2,1,2,1,38,available,Marseille Vieux-Port,https://picsum.photos/seed/room-marseille-vieux-port-5/800/600
Studio Affaires Marseille,"Studio avec coin bureau, prise USB-C et accès salle de réunion sur demande.",118,1,1,1,1,1,28,occupied,Marseille Vieux-Port,https://picsum.photos/seed/room-marseille-vieux-port-6/800/600
Junior Suite Marseille,"Junior suite avec salon séparé, baignoire et vue sur la ville.",162,2,1,1,1,1,36,available,Marseille Vieux-Port,https://picsum.photos/seed/room-marseille-vieux-port-7/800/600;https://picsum.photos/seed/room-marseille-vieux-port-7-b/800/600
Suite Panorama Marseille,Suite avec balcon ou terrasse et vue panoramique sur les environs.,186,2,1,1,1,1,42,available,Marseille Vieux-Port,https://picsum.photos/seed/room-marseille-vieux-port-8/800/600
Suite Prestige Marseille,Suite haut de gamme avec service de chambre 24h/24 et produits d'accueil bio.,216,2,1,1,1,1,48,maintenance,Marseille Vieux-Port,https://picsum.photos/seed/room-marseille-vieux-port-9/800/600
Chambre Économique Marseille,Option économique propre et fonctionnelle pour courts séjours.,74,1,1,1,1,1,16,available,Marseille Vieux-Port,https://picsum.photos/seed/room-marseille-vieux-port-10/800/600;https://picsum.photos/seed/room-marseille-vieux-port-10-b/800/600
Chambre Accessible PMR Marseille,"Chambre adaptée mobilité réduite, douche à l'italienne et barres d'appui.",103,2,1,1,1,1,25,available,Marseille Vieux-Port,https://picsum.photos/seed/room-marseille-vieux-port-11/800/600
Duplex Vue Marseille,"Duplex avec mezzanine, salon et literie king size pour séjours prolongés.",172,3,1,1,2,1,45,maintenance,Marseille Vieux-Port,https://picsum.photos/seed/room-marseille-vieux-port-12/800/600
Chambre Standard Toulouse,"Chambre confortable avec literie premium, climatisation et Wi-Fi fibre.",79,2,1,1,1,1,22,available,Toulouse Canal,https://picsum.photos/seed/room-toulouse-canal-1/800/600;https://picsum.photos/seed/room-toulouse-canal-1-b/800/600
Chambre Supérieure Toulouse,"Espace optimisé avec bureau, machine Nespresso et salle de bain moderne.",91,2,1,1,1,1,26,available,Toulouse Canal,https://picsum.photos/seed/room-toulouse-canal-2/800/600
Chambre Deluxe Toulouse,"Chambre spacieuse avec vue partielle, minibar et peignoirs fournis.",107,2,1,1,1,1,30,available,Toulouse Canal,https://picsum.photos/seed/room-toulouse-canal-3/800/600
Chambre Twin Toulouse,"Deux lits simples idéale pour collègues ou amis, espace rangement généreux.",87,2,1,1,2,1,24,available,Toulouse Canal,https://picsum.photos/seed/room-toulouse-canal-4/800/600;https://picsum.photos/seed/room-toulouse-canal-4-b/800/600
Chambre Familiale Toulouse,Grande chambre pouvant accueillir jusqu'à quatre personnes avec canapé-lit.,115,4,2,1,2,1,38,available,Toulouse Canal,https://picsum.photos/seed/room-toulouse-canal-5/800/600
Studio Affaires Toulouse,"Studio avec coin bureau, prise USB-C et accès salle de réunion sur demande.",95,1,1,1,1,1,28,occupied,Toulouse Canal,https://picsum.photos/seed/room-toulouse-canal-6/800/600
Junior Suite Toulouse,"Junior suite avec salon séparé, baignoire et vue sur la ville.",130,2,1,1,1,1,36,available,Toulouse Canal,https://picsum.photos/seed/room-toulouse-canal-7/800/600;https://picsum.photos/seed/room-toulouse-canal-7-b/800/600
Suite Panorama Toulouse,Suite avec balcon ou terrasse et vue panoramique sur les environs.,150,2,1,1,1,1,42,available,Toulouse Canal,https://picsum.photos/seed/room-toulouse-canal-8/800/600
Suite Prestige Toulouse,Suite haut de gamme avec service de chambre 24h/24 et produits d'accueil bio.,174,2,1,1,1,1,48,maintenance,Toulouse Canal,https://picsum.photos/seed/room-toulouse-canal-9/800/600
Chambre Économique Toulouse,Option économique propre et fonctionnelle pour courts séjours.,59,1,1,1,1,1,16,available,Toulouse Canal,https://picsum.photos/seed/room-toulouse-canal-10/800/600;https://picsum.photos/seed/room-toulouse-canal-10-b/800/600
Chambre Accessible PMR Toulouse,"Chambre adaptée mobilité réduite, douche à l'italienne et barres d'appui.",83,2,1,1,1,1,25,available,Toulouse Canal,https://picsum.photos/seed/room-toulouse-canal-11/800/600
Duplex Vue Toulouse,"Duplex avec mezzanine, salon et literie king size pour séjours prolongés.",138,3,1,1,2,1,45,maintenance,Toulouse Canal,https://picsum.photos/seed/room-toulouse-canal-12/800/600
Chambre Standard Nantes,"Chambre confortable avec literie premium, climatisation et Wi-Fi fibre.",92,2,1,1,1,1,22,available,Nantes Loire,https://picsum.photos/seed/room-nantes-loire-1/800/600;https://picsum.photos/seed/room-nantes-loire-1-b/800/600
Chambre Supérieure Nantes,"Espace optimisé avec bureau, machine Nespresso et salle de bain moderne.",106,2,1,1,1,1,26,available,Nantes Loire,https://picsum.photos/seed/room-nantes-loire-2/800/600
Chambre Deluxe Nantes,"Chambre spacieuse avec vue partielle, minibar et peignoirs fournis.",124,2,1,1,1,1,30,available,Nantes Loire,https://picsum.photos/seed/room-nantes-loire-3/800/600
Chambre Twin Nantes,"Deux lits simples idéale pour collègues ou amis, espace rangement généreux.",101,2,1,1,2,1,24,available,Nantes Loire,https://picsum.photos/seed/room-nantes-loire-4/800/600;https://picsum.photos/seed/room-nantes-loire-4-b/800/600
Chambre Familiale Nantes,Grande chambre pouvant accueillir jusqu'à quatre personnes avec canapé-lit.,133,4,2,1,2,1,38,available,Nantes Loire,https://picsum.photos/seed/room-nantes-loire-5/800/600
Studio Affaires Nantes,"Studio avec coin bureau, prise USB-C et accès salle de réunion sur demande.",110,1,1,1,1,1,28,occupied,Nantes Loire,https://picsum.photos/seed/room-nantes-loire-6/800/600
Junior Suite Nantes,"Junior suite avec salon séparé, baignoire et vue sur la ville.",152,2,1,1,1,1,36,available,Nantes Loire,https://picsum.photos/seed/room-nantes-loire-7/800/600;https://picsum.photos/seed/room-nantes-loire-7-b/800/600
Suite Panorama Nantes,Suite avec balcon ou terrasse et vue panoramique sur les environs.,175,2,1,1,1,1,42,available,Nantes Loire,https://picsum.photos/seed/room-nantes-loire-8/800/600
Suite Prestige Nantes,Suite haut de gamme avec service de chambre 24h/24 et produits d'accueil bio. Accès spa et late check-out sur demande.,202,2,1,1,1,1,48,maintenance,Nantes Loire,https://picsum.photos/seed/room-nantes-loire-9/800/600
Chambre Économique Nantes,Option économique propre et fonctionnelle pour courts séjours.,69,1,1,1,1,1,16,available,Nantes Loire,https://picsum.photos/seed/room-nantes-loire-10/800/600;https://picsum.photos/seed/room-nantes-loire-10-b/800/600
Chambre Accessible PMR Nantes,"Chambre adaptée mobilité réduite, douche à l'italienne et barres d'appui.",97,2,1,1,1,1,25,available,Nantes Loire,https://picsum.photos/seed/room-nantes-loire-11/800/600
Duplex Vue Nantes,"Duplex avec mezzanine, salon et literie king size pour séjours prolongés.",161,3,1,1,2,1,45,maintenance,Nantes Loire,https://picsum.photos/seed/room-nantes-loire-12/800/600
Chambre Standard Strasbourg,"Chambre confortable avec literie premium, climatisation et Wi-Fi fibre.",85,2,1,1,1,1,22,available,Strasbourg Cathédrale,https://picsum.photos/seed/room-strasbourg-cathedrale-1/800/600;https://picsum.photos/seed/room-strasbourg-cathedrale-1-b/800/600
Chambre Supérieure Strasbourg,"Espace optimisé avec bureau, machine Nespresso et salle de bain moderne.",98,2,1,1,1,1,26,available,Strasbourg Cathédrale,https://picsum.photos/seed/room-strasbourg-cathedrale-2/800/600
Chambre Deluxe Strasbourg,"Chambre spacieuse avec vue partielle, minibar et peignoirs fournis.",115,2,1,1,1,1,30,available,Strasbourg Cathédrale,https://picsum.photos/seed/room-strasbourg-cathedrale-3/800/600
Chambre Twin Strasbourg,"Deux lits simples idéale pour collègues ou amis, espace rangement généreux.",94,2,1,1,2,1,24,available,Strasbourg Cathédrale,https://picsum.photos/seed/room-strasbourg-cathedrale-4/800/600;https://picsum.photos/seed/room-strasbourg-cathedrale-4-b/800/600
Chambre Familiale Strasbourg,Grande chambre pouvant accueillir jusqu'à quatre personnes avec canapé-lit.,123,4,2,1,2,1,38,available,Strasbourg Cathédrale,https://picsum.photos/seed/room-strasbourg-cathedrale-5/800/600
Studio Affaires Strasbourg,"Studio avec coin bureau, prise USB-C et accès salle de réunion sur demande.",102,1,1,1,1,1,28,occupied,Strasbourg Cathédrale,https://picsum.photos/seed/room-strasbourg-cathedrale-6/800/600
Junior Suite Strasbourg,"Junior suite avec salon séparé, baignoire et vue sur la ville.",140,2,1,1,1,1,36,available,Strasbourg Cathédrale,https://picsum.photos/seed/room-strasbourg-cathedrale-7/800/600;https://picsum.photos/seed/room-strasbourg-cathedrale-7-b/800/600
Suite Panorama Strasbourg,Suite avec balcon ou terrasse et vue panoramique sur les environs.,162,2,1,1,1,1,42,available,Strasbourg Cathédrale,https://picsum.photos/seed/room-strasbourg-cathedrale-8/800/600
Suite Prestige Strasbourg,Suite haut de gamme avec service de chambre 24h/24 et produits d'accueil bio.,187,2,1,1,1,1,48,maintenance,Strasbourg Cathédrale,https://picsum.photos/seed/room-strasbourg-cathedrale-9/800/600
Chambre Économique Strasbourg,Option économique propre et fonctionnelle pour courts séjours.,64,1,1,1,1,1,16,available,Strasbourg Cathédrale,https://picsum.photos/seed/room-strasbourg-cathedrale-10/800/600;https://picsum.photos/seed/room-strasbourg-cathedrale-10-b/800/600
Chambre Accessible PMR Strasbourg,"Chambre adaptée mobilité réduite, douche à l'italienne et barres d'appui.",89,2,1,1,1,1,25,available,Strasbourg Cathédrale,https://picsum.photos/seed/room-strasbourg-cathedrale-11/800/600
Duplex Vue Strasbourg,"Duplex avec mezzanine, salon et literie king size pour séjours prolongés.",149,3,1,1,2,1,45,maintenance,Strasbourg Cathédrale,https://picsum.photos/seed/room-strasbourg-cathedrale-12/800/600
Chambre Standard Lille,"Chambre confortable avec literie premium, climatisation et Wi-Fi fibre.",72,2,1,1,1,1,22,available,Lille Grand Place,https://picsum.photos/seed/room-lille-grand-place-1/800/600;https://picsum.photos/seed/room-lille-grand-place-1-b/800/600
Chambre Supérieure Lille,"Espace optimisé avec bureau, machine Nespresso et salle de bain moderne.",83,2,1,1,1,1,26,available,Lille Grand Place,https://picsum.photos/seed/room-lille-grand-place-2/800/600
Chambre Deluxe Lille,"Chambre spacieuse avec vue partielle, minibar et peignoirs fournis.",97,2,1,1,1,1,30,available,Lille Grand Place,https://picsum.photos/seed/room-lille-grand-place-3/800/600
Chambre Twin Lille,"Deux lits simples idéale pour collègues ou amis, espace rangement généreux.",79,2,1,1,2,1,24,available,Lille Grand Place,https://picsum.photos/seed/room-lille-grand-place-4/800/600;https://picsum.photos/seed/room-lille-grand-place-4-b/800/600
Chambre Familiale Lille,Grande chambre pouvant accueillir jusqu'à quatre personnes avec canapé-lit.,104,4,2,1,2,1,38,available,Lille Grand Place,https://picsum.photos/seed/room-lille-grand-place-5/800/600
Studio Affaires Lille,"Studio avec coin bureau, prise USB-C et accès salle de réunion sur demande.",86,1,1,1,1,1,28,occupied,Lille Grand Place,https://picsum.photos/seed/room-lille-grand-place-6/800/600
Junior Suite Lille,"Junior suite avec salon séparé, baignoire et vue sur la ville.",119,2,1,1,1,1,36,available,Lille Grand Place,https://picsum.photos/seed/room-lille-grand-place-7/800/600;https://picsum.photos/seed/room-lille-grand-place-7-b/800/600
Suite Panorama Lille,Suite avec balcon ou terrasse et vue panoramique sur les environs.,137,2,1,1,1,1,42,available,Lille Grand Place,https://picsum.photos/seed/room-lille-grand-place-8/800/600
Suite Prestige Lille,Suite haut de gamme avec service de chambre 24h/24 et produits d'accueil bio.,158,2,1,1,1,1,48,maintenance,Lille Grand Place,https://picsum.photos/seed/room-lille-grand-place-9/800/600
Chambre Économique Lille,Option économique propre et fonctionnelle pour courts séjours.,54,1,1,1,1,1,16,available,Lille Grand Place,https://picsum.photos/seed/room-lille-grand-place-10/800/600;https://picsum.photos/seed/room-lille-grand-place-10-b/800/600
Chambre Accessible PMR Lille,"Chambre adaptée mobilité réduite, douche à l'italienne et barres d'appui.",76,2,1,1,1,1,25,available,Lille Grand Place,https://picsum.photos/seed/room-lille-grand-place-11/800/600
Duplex Vue Lille,"Duplex avec mezzanine, salon et literie king size pour séjours prolongés.",126,3,1,1,2,1,45,maintenance,Lille Grand Place,https://picsum.photos/seed/room-lille-grand-place-12/800/600
Chambre Standard Montpellier,"Chambre confortable avec literie premium, climatisation et Wi-Fi fibre.",105,2,1,1,1,1,22,available,Montpellier Sud,https://picsum.photos/seed/room-montpellier-sud-1/800/600;https://picsum.photos/seed/room-montpellier-sud-1-b/800/600
Chambre Supérieure Montpellier,"Espace optimisé avec bureau, machine Nespresso et salle de bain moderne.",121,2,1,1,1,1,26,available,Montpellier Sud,https://picsum.photos/seed/room-montpellier-sud-2/800/600
Chambre Deluxe Montpellier,"Chambre spacieuse avec vue partielle, minibar et peignoirs fournis.",142,2,1,1,1,1,30,available,Montpellier Sud,https://picsum.photos/seed/room-montpellier-sud-3/800/600
Chambre Twin Montpellier,"Deux lits simples idéale pour collègues ou amis, espace rangement généreux.",116,2,1,1,2,1,24,available,Montpellier Sud,https://picsum.photos/seed/room-montpellier-sud-4/800/600;https://picsum.photos/seed/room-montpellier-sud-4-b/800/600
Chambre Familiale Montpellier,Grande chambre pouvant accueillir jusqu'à quatre personnes avec canapé-lit.,152,4,2,1,2,1,38,available,Montpellier Sud,https://picsum.photos/seed/room-montpellier-sud-5/800/600
Studio Affaires Montpellier,"Studio avec coin bureau, prise USB-C et accès salle de réunion sur demande.",126,1,1,1,1,1,28,occupied,Montpellier Sud,https://picsum.photos/seed/room-montpellier-sud-6/800/600
Junior Suite Montpellier,"Junior suite avec salon séparé, baignoire et vue sur la ville.",173,2,1,1,1,1,36,available,Montpellier Sud,https://picsum.photos/seed/room-montpellier-sud-7/800/600;https://picsum.photos/seed/room-montpellier-sud-7-b/800/600
Suite Panorama Montpellier,Suite avec balcon ou terrasse et vue panoramique sur les environs.,200,2,1,1,1,1,42,available,Montpellier Sud,https://picsum.photos/seed/room-montpellier-sud-8/800/600
Suite Prestige Montpellier,Suite haut de gamme avec service de chambre 24h/24 et produits d'accueil bio.,231,2,1,1,1,1,48,maintenance,Montpellier Sud,https://picsum.photos/seed/room-montpellier-sud-9/800/600
Chambre Économique Montpellier,Option économique propre et fonctionnelle pour courts séjours.,79,1,1,1,1,1,16,available,Montpellier Sud,https://picsum.photos/seed/room-montpellier-sud-10/800/600;https://picsum.photos/seed/room-montpellier-sud-10-b/800/600
Chambre Accessible PMR Montpellier,"Chambre adaptée mobilité réduite, douche à l'italienne et barres d'appui.",110,2,1,1,1,1,25,available,Montpellier Sud,https://picsum.photos/seed/room-montpellier-sud-11/800/600
Duplex Vue Montpellier,"Duplex avec mezzanine, salon et literie king size pour séjours prolongés.",184,3,1,1,2,1,45,maintenance,Montpellier Sud,https://picsum.photos/seed/room-montpellier-sud-12/800/600
Chambre Standard Rennes,"Chambre confortable avec literie premium, climatisation et Wi-Fi fibre.",115,2,1,1,1,1,22,available,Rennes Bretagne,https://picsum.photos/seed/room-rennes-bretagne-1/800/600;https://picsum.photos/seed/room-rennes-bretagne-1-b/800/600
Chambre Supérieure Rennes,"Espace optimisé avec bureau, machine Nespresso et salle de bain moderne.",132,2,1,1,1,1,26,available,Rennes Bretagne,https://picsum.photos/seed/room-rennes-bretagne-2/800/600
Chambre Deluxe Rennes,"Chambre spacieuse avec vue partielle, minibar et peignoirs fournis.",155,2,1,1,1,1,30,available,Rennes Bretagne,https://picsum.photos/seed/room-rennes-bretagne-3/800/600
Chambre Twin Rennes,"Deux lits simples idéale pour collègues ou amis, espace rangement généreux.",127,2,1,1,2,1,24,available,Rennes Bretagne,https://picsum.photos/seed/room-rennes-bretagne-4/800/600;https://picsum.photos/seed/room-rennes-bretagne-4-b/800/600
Chambre Familiale Rennes,Grande chambre pouvant accueillir jusqu'à quatre personnes avec canapé-lit.,167,4,2,1,2,1,38,available,Rennes Bretagne,https://picsum.photos/seed/room-rennes-bretagne-5/800/600
Studio Affaires Rennes,"Studio avec coin bureau, prise USB-C et accès salle de réunion sur demande.",138,1,1,1,1,1,28,occupied,Rennes Bretagne,https://picsum.photos/seed/room-rennes-bretagne-6/800/600
Junior Suite Rennes,"Junior suite avec salon séparé, baignoire et vue sur la ville.",190,2,1,1,1,1,36,available,Rennes Bretagne,https://picsum.photos/seed/room-rennes-bretagne-7/800/600;https://picsum.photos/seed/room-rennes-bretagne-7-b/800/600
Suite Panorama Rennes,Suite avec balcon ou terrasse et vue panoramique sur les environs.,218,2,1,1,1,1,42,available,Rennes Bretagne,https://picsum.photos/seed/room-rennes-bretagne-8/800/600
Suite Prestige Rennes,Suite haut de gamme avec service de chambre 24h/24 et produits d'accueil bio.,253,2,1,1,1,1,48,maintenance,Rennes Bretagne,https://picsum.photos/seed/room-rennes-bretagne-9/800/600
Chambre Économique Rennes,Option économique propre et fonctionnelle pour courts séjours.,86,1,1,1,1,1,16,available,Rennes Bretagne,https://picsum.photos/seed/room-rennes-bretagne-10/800/600;https://picsum.photos/seed/room-rennes-bretagne-10-b/800/600
Chambre Accessible PMR Rennes,"Chambre adaptée mobilité réduite, douche à l'italienne et barres d'appui.",121,2,1,1,1,1,25,available,Rennes Bretagne,https://picsum.photos/seed/room-rennes-bretagne-11/800/600
Duplex Vue Rennes,"Duplex avec mezzanine, salon et literie king size pour séjours prolongés.",201,3,1,1,2,1,45,maintenance,Rennes Bretagne,https://picsum.photos/seed/room-rennes-bretagne-12/800/600
Chambre Standard Grenoble,"Chambre confortable avec literie premium, climatisation et Wi-Fi fibre.",125,2,1,1,1,1,22,available,Grenoble Alpes,https://picsum.photos/seed/room-grenoble-alpes-1/800/600;https://picsum.photos/seed/room-grenoble-alpes-1-b/800/600
Chambre Supérieure Grenoble,"Espace optimisé avec bureau, machine Nespresso et salle de bain moderne.",144,2,1,1,1,1,26,available,Grenoble Alpes,https://picsum.photos/seed/room-grenoble-alpes-2/800/600
Chambre Deluxe Grenoble,"Chambre spacieuse avec vue partielle, minibar et peignoirs fournis.",169,2,1,1,1,1,30,available,Grenoble Alpes,https://picsum.photos/seed/room-grenoble-alpes-3/800/600
Chambre Twin Grenoble,"Deux lits simples idéale pour collègues ou amis, espace rangement généreux.",138,2,1,1,2,1,24,available,Grenoble Alpes,https://picsum.photos/seed/room-grenoble-alpes-4/800/600;https://picsum.photos/seed/room-grenoble-alpes-4-b/800/600
Chambre Familiale Grenoble,Grande chambre pouvant accueillir jusqu'à quatre personnes avec canapé-lit.,181,4,2,1,2,1,38,available,Grenoble Alpes,https://picsum.photos/seed/room-grenoble-alpes-5/800/600
Studio Affaires Grenoble,"Studio avec coin bureau, prise USB-C et accès salle de réunion sur demande.",150,1,1,1,1,1,28,occupied,Grenoble Alpes,https://picsum.photos/seed/room-grenoble-alpes-6/800/600
Junior Suite Grenoble,"Junior suite avec salon séparé, baignoire et vue sur la ville.",206,2,1,1,1,1,36,available,Grenoble Alpes,https://picsum.photos/seed/room-grenoble-alpes-7/800/600;https://picsum.photos/seed/room-grenoble-alpes-7-b/800/600
Suite Panorama Grenoble,Suite avec balcon ou terrasse et vue panoramique sur les environs.,238,2,1,1,1,1,42,available,Grenoble Alpes,https://picsum.photos/seed/room-grenoble-alpes-8/800/600
Suite Prestige Grenoble,Suite haut de gamme avec service de chambre 24h/24 et produits d'accueil bio.,275,2,1,1,1,1,48,maintenance,Grenoble Alpes,https://picsum.photos/seed/room-grenoble-alpes-9/800/600
Chambre Économique Grenoble,Option économique propre et fonctionnelle pour courts séjours.,94,1,1,1,1,1,16,available,Grenoble Alpes,https://picsum.photos/seed/room-grenoble-alpes-10/800/600;https://picsum.photos/seed/room-grenoble-alpes-10-b/800/600
Chambre Accessible PMR Grenoble,"Chambre adaptée mobilité réduite, douche à l'italienne et barres d'appui.",131,2,1,1,1,1,25,available,Grenoble Alpes,https://picsum.photos/seed/room-grenoble-alpes-11/800/600
Duplex Vue Grenoble,"Duplex avec mezzanine, salon et literie king size pour séjours prolongés.",219,3,1,1,2,1,45,maintenance,Grenoble Alpes,https://picsum.photos/seed/room-grenoble-alpes-12/800/600
Chambre Standard Annecy,"Chambre confortable avec literie premium, climatisation et Wi-Fi fibre.",165,2,1,1,1,1,22,available,Annecy Lac,https://picsum.photos/seed/room-annecy-lac-1/800/600;https://picsum.photos/seed/room-annecy-lac-1-b/800/600
Chambre Supérieure Annecy,"Espace optimisé avec bureau, machine Nespresso et salle de bain moderne.",190,2,1,1,1,1,26,available,Annecy Lac,https://picsum.photos/seed/room-annecy-lac-2/800/600
Chambre Deluxe Annecy,"Chambre spacieuse avec vue partielle, minibar et peignoirs fournis.",223,2,1,1,1,1,30,available,Annecy Lac,https://picsum.photos/seed/room-annecy-lac-3/800/600
Chambre Twin Annecy,"Deux lits simples idéale pour collègues ou amis, espace rangement généreux.",182,2,1,1,2,1,24,available,Annecy Lac,https://picsum.photos/seed/room-annecy-lac-4/800/600;https://picsum.photos/seed/room-annecy-lac-4-b/800/600
Chambre Familiale Annecy,Grande chambre pouvant accueillir jusqu'à quatre personnes avec canapé-lit.,239,4,2,1,2,1,38,available,Annecy Lac,https://picsum.photos/seed/room-annecy-lac-5/800/600
Studio Affaires Annecy,"Studio avec coin bureau, prise USB-C et accès salle de réunion sur demande.",198,1,1,1,1,1,28,occupied,Annecy Lac,https://picsum.photos/seed/room-annecy-lac-6/800/600
Junior Suite Annecy,"Junior suite avec salon séparé, baignoire et vue sur la ville.",272,2,1,1,1,1,36,available,Annecy Lac,https://picsum.photos/seed/room-annecy-lac-7/800/600;https://picsum.photos/seed/room-annecy-lac-7-b/800/600
Suite Panorama Annecy,Suite avec balcon ou terrasse et vue panoramique sur les environs.,314,2,1,1,1,1,42,available,Annecy Lac,https://picsum.photos/seed/room-annecy-lac-8/800/600
Suite Prestige Annecy,Suite haut de gamme avec service de chambre 24h/24 et produits d'accueil bio. Accès spa et late check-out sur demande.,363,2,1,1,1,1,48,maintenance,Annecy Lac,https://picsum.photos/seed/room-annecy-lac-9/800/600
Chambre Économique Annecy,Option économique propre et fonctionnelle pour courts séjours.,124,1,1,1,1,1,16,available,Annecy Lac,https://picsum.photos/seed/room-annecy-lac-10/800/600;https://picsum.photos/seed/room-annecy-lac-10-b/800/600
Chambre Accessible PMR Annecy,"Chambre adaptée mobilité réduite, douche à l'italienne et barres d'appui.",173,2,1,1,1,1,25,available,Annecy Lac,https://picsum.photos/seed/room-annecy-lac-11/800/600
Duplex Vue Annecy,"Duplex avec mezzanine, salon et literie king size pour séjours prolongés.",289,3,1,1,2,1,45,maintenance,Annecy Lac,https://picsum.photos/seed/room-annecy-lac-12/800/600
Chambre Standard Biarritz,"Chambre confortable avec literie premium, climatisation et Wi-Fi fibre.",140,2,1,1,1,1,22,available,Biarritz Océan,https://picsum.photos/seed/room-biarritz-ocean-1/800/600;https://picsum.photos/seed/room-biarritz-ocean-1-b/800/600
Chambre Supérieure Biarritz,"Espace optimisé avec bureau, machine Nespresso et salle de bain moderne.",161,2,1,1,1,1,26,available,Biarritz Océan,https://picsum.photos/seed/room-biarritz-ocean-2/800/600
Chambre Deluxe Biarritz,"Chambre spacieuse avec vue partielle, minibar et peignoirs fournis.",189,2,1,1,1,1,30,available,Biarritz Océan,https://picsum.photos/seed/room-biarritz-ocean-3/800/600
Chambre Twin Biarritz,"Deux lits simples idéale pour collègues ou amis, espace rangement généreux.",154,2,1,1,2,1,24,available,Biarritz Océan,https://picsum.photos/seed/room-biarritz-ocean-4/800/600;https://picsum.photos/seed/room-biarritz-ocean-4-b/800/600
Chambre Familiale Biarritz,Grande chambre pouvant accueillir jusqu'à quatre personnes avec canapé-lit.,203,4,2,1,2,1,38,available,Biarritz Océan,https://picsum.photos/seed/room-biarritz-ocean-5/800/600
Studio Affaires Biarritz,"Studio avec coin bureau, prise USB-C et accès salle de réunion sur demande.",168,1,1,1,1,1,28,occupied,Biarritz Océan,https://picsum.photos/seed/room-biarritz-ocean-6/800/600
Junior Suite Biarritz,"Junior suite avec salon séparé, baignoire et vue sur la ville.",231,2,1,1,1,1,36,available,Biarritz Océan,https://picsum.photos/seed/room-biarritz-ocean-7/800/600;https://picsum.photos/seed/room-biarritz-ocean-7-b/800/600
Suite Panorama Biarritz,Suite avec balcon ou terrasse et vue panoramique sur les environs.,266,2,1,1,1,1,42,available,Biarritz Océan,https://picsum.photos/seed/room-biarritz-ocean-8/800/600
Suite Prestige Biarritz,Suite haut de gamme avec service de chambre 24h/24 et produits d'accueil bio. Accès spa et late check-out sur demande.,308,2,1,1,1,1,48,maintenance,Biarritz Océan,https://picsum.photos/seed/room-biarritz-ocean-9/800/600
Chambre Économique Biarritz,Option économique propre et fonctionnelle pour courts séjours.,105,1,1,1,1,1,16,available,Biarritz Océan,https://picsum.photos/seed/room-biarritz-ocean-10/800/600;https://picsum.photos/seed/room-biarritz-ocean-10-b/800/600
Chambre Accessible PMR Biarritz,"Chambre adaptée mobilité réduite, douche à l'italienne et barres d'appui.",147,2,1,1,1,1,25,available,Biarritz Océan,https://picsum.photos/seed/room-biarritz-ocean-11/800/600
Duplex Vue Biarritz,"Duplex avec mezzanine, salon et literie king size pour séjours prolongés.",245,3,1,1,2,1,45,maintenance,Biarritz Océan,https://picsum.photos/seed/room-biarritz-ocean-12/800/600
Chambre Standard Cannes,"Chambre confortable avec literie premium, climatisation et Wi-Fi fibre.",175,2,1,1,1,1,22,available,Cannes Croisette,https://picsum.photos/seed/room-cannes-croisette-1/800/600;https://picsum.photos/seed/room-cannes-croisette-1-b/800/600
Chambre Supérieure Cannes,"Espace optimisé avec bureau, machine Nespresso et salle de bain moderne.",201,2,1,1,1,1,26,available,Cannes Croisette,https://picsum.photos/seed/room-cannes-croisette-2/800/600
Chambre Deluxe Cannes,"Chambre spacieuse avec vue partielle, minibar et peignoirs fournis.",236,2,1,1,1,1,30,available,Cannes Croisette,https://picsum.photos/seed/room-cannes-croisette-3/800/600
Chambre Twin Cannes,"Deux lits simples idéale pour collègues ou amis, espace rangement généreux.",193,2,1,1,2,1,24,available,Cannes Croisette,https://picsum.photos/seed/room-cannes-croisette-4/800/600;https://picsum.photos/seed/room-cannes-croisette-4-b/800/600
Chambre Familiale Cannes,Grande chambre pouvant accueillir jusqu'à quatre personnes avec canapé-lit.,254,4,2,1,2,1,38,available,Cannes Croisette,https://picsum.photos/seed/room-cannes-croisette-5/800/600
Studio Affaires Cannes,"Studio avec coin bureau, prise USB-C et accès salle de réunion sur demande.",210,1,1,1,1,1,28,occupied,Cannes Croisette,https://picsum.photos/seed/room-cannes-croisette-6/800/600
Junior Suite Cannes,"Junior suite avec salon séparé, baignoire et vue sur la ville.",289,2,1,1,1,1,36,available,Cannes Croisette,https://picsum.photos/seed/room-cannes-croisette-7/800/600;https://picsum.photos/seed/room-cannes-croisette-7-b/800/600
Suite Panorama Cannes,Suite avec balcon ou terrasse et vue panoramique sur les environs.,332,2,1,1,1,1,42,available,Cannes Croisette,https://picsum.photos/seed/room-cannes-croisette-8/800/600
Suite Prestige Cannes,Suite haut de gamme avec service de chambre 24h/24 et produits d'accueil bio. Accès spa et late check-out sur demande.,385,2,1,1,1,1,48,maintenance,Cannes Croisette,https://picsum.photos/seed/room-cannes-croisette-9/800/600
Chambre Économique Cannes,Option économique propre et fonctionnelle pour courts séjours.,131,1,1,1,1,1,16,available,Cannes Croisette,https://picsum.photos/seed/room-cannes-croisette-10/800/600;https://picsum.photos/seed/room-cannes-croisette-10-b/800/600
Chambre Accessible PMR Cannes,"Chambre adaptée mobilité réduite, douche à l'italienne et barres d'appui.",184,2,1,1,1,1,25,available,Cannes Croisette,https://picsum.photos/seed/room-cannes-croisette-11/800/600
Duplex Vue Cannes,"Duplex avec mezzanine, salon et literie king size pour séjours prolongés.",306,3,1,1,2,1,45,maintenance,Cannes Croisette,https://picsum.photos/seed/room-cannes-croisette-12/800/600
Chambre Standard Aix-en-Provence,"Chambre confortable avec literie premium, climatisation et Wi-Fi fibre.",118,2,1,1,1,1,22,available,Aix Cours Mirabeau,https://picsum.photos/seed/room-aix-mirabeau-1/800/600;https://picsum.photos/seed/room-aix-mirabeau-1-b/800/600
Chambre Supérieure Aix-en-Provence,"Espace optimisé avec bureau, machine Nespresso et salle de bain moderne.",136,2,1,1,1,1,26,available,Aix Cours Mirabeau,https://picsum.photos/seed/room-aix-mirabeau-2/800/600
Chambre Deluxe Aix-en-Provence,"Chambre spacieuse avec vue partielle, minibar et peignoirs fournis.",159,2,1,1,1,1,30,available,Aix Cours Mirabeau,https://picsum.photos/seed/room-aix-mirabeau-3/800/600
Chambre Twin Aix-en-Provence,"Deux lits simples idéale pour collègues ou amis, espace rangement généreux.",130,2,1,1,2,1,24,available,Aix Cours Mirabeau,https://picsum.photos/seed/room-aix-mirabeau-4/800/600;https://picsum.photos/seed/room-aix-mirabeau-4-b/800/600
Chambre Familiale Aix-en-Provence,Grande chambre pouvant accueillir jusqu'à quatre personnes avec canapé-lit.,171,4,2,1,2,1,38,available,Aix Cours Mirabeau,https://picsum.photos/seed/room-aix-mirabeau-5/800/600
Studio Affaires Aix-en-Provence,"Studio avec coin bureau, prise USB-C et accès salle de réunion sur demande.",142,1,1,1,1,1,28,occupied,Aix Cours Mirabeau,https://picsum.photos/seed/room-aix-mirabeau-6/800/600
Junior Suite Aix-en-Provence,"Junior suite avec salon séparé, baignoire et vue sur la ville.",195,2,1,1,1,1,36,available,Aix Cours Mirabeau,https://picsum.photos/seed/room-aix-mirabeau-7/800/600;https://picsum.photos/seed/room-aix-mirabeau-7-b/800/600
Suite Panorama Aix-en-Provence,Suite avec balcon ou terrasse et vue panoramique sur les environs.,224,2,1,1,1,1,42,available,Aix Cours Mirabeau,https://picsum.photos/seed/room-aix-mirabeau-8/800/600
Suite Prestige Aix-en-Provence,Suite haut de gamme avec service de chambre 24h/24 et produits d'accueil bio. Accès spa et late check-out sur demande.,260,2,1,1,1,1,48,maintenance,Aix Cours Mirabeau,https://picsum.photos/seed/room-aix-mirabeau-9/800/600
Chambre Économique Aix-en-Provence,Option économique propre et fonctionnelle pour courts séjours.,88,1,1,1,1,1,16,available,Aix Cours Mirabeau,https://picsum.photos/seed/room-aix-mirabeau-10/800/600;https://picsum.photos/seed/room-aix-mirabeau-10-b/800/600
Chambre Accessible PMR Aix-en-Provence,"Chambre adaptée mobilité réduite, douche à l'italienne et barres d'appui.",124,2,1,1,1,1,25,available,Aix Cours Mirabeau,https://picsum.photos/seed/room-aix-mirabeau-11/800/600
Duplex Vue Aix-en-Provence,"Duplex avec mezzanine, salon et literie king size pour séjours prolongés.",206,3,1,1,2,1,45,maintenance,Aix Cours Mirabeau,https://picsum.photos/seed/room-aix-mirabeau-12/800/600
Chambre Standard Avignon,"Chambre confortable avec literie premium, climatisation et Wi-Fi fibre.",89,2,1,1,1,1,22,available,Avignon Palais des Papes,https://picsum.photos/seed/room-avignon-papes-1/800/600;https://picsum.photos/seed/room-avignon-papes-1-b/800/600
Chambre Supérieure Avignon,"Espace optimisé avec bureau, machine Nespresso et salle de bain moderne.",102,2,1,1,1,1,26,available,Avignon Palais des Papes,https://picsum.photos/seed/room-avignon-papes-2/800/600
Chambre Deluxe Avignon,"Chambre spacieuse avec vue partielle, minibar et peignoirs fournis.",120,2,1,1,1,1,30,available,Avignon Palais des Papes,https://picsum.photos/seed/room-avignon-papes-3/800/600
Chambre Twin Avignon,"Deux lits simples idéale pour collègues ou amis, espace rangement généreux.",98,2,1,1,2,1,24,available,Avignon Palais des Papes,https://picsum.photos/seed/room-avignon-papes-4/800/600;https://picsum.photos/seed/room-avignon-papes-4-b/800/600
Chambre Familiale Avignon,Grande chambre pouvant accueillir jusqu'à quatre personnes avec canapé-lit.,129,4,2,1,2,1,38,available,Avignon Palais des Papes,https://picsum.photos/seed/room-avignon-papes-5/800/600
Studio Affaires Avignon,"Studio avec coin bureau, prise USB-C et accès salle de réunion sur demande.",107,1,1,1,1,1,28,occupied,Avignon Palais des Papes,https://picsum.photos/seed/room-avignon-papes-6/800/600
Junior Suite Avignon,"Junior suite avec salon séparé, baignoire et vue sur la ville.",147,2,1,1,1,1,36,available,Avignon Palais des Papes,https://picsum.photos/seed/room-avignon-papes-7/800/600;https://picsum.photos/seed/room-avignon-papes-7-b/800/600
Suite Panorama Avignon,Suite avec balcon ou terrasse et vue panoramique sur les environs.,169,2,1,1,1,1,42,available,Avignon Palais des Papes,https://picsum.photos/seed/room-avignon-papes-8/800/600
Suite Prestige Avignon,Suite haut de gamme avec service de chambre 24h/24 et produits d'accueil bio.,196,2,1,1,1,1,48,maintenance,Avignon Palais des Papes,https://picsum.photos/seed/room-avignon-papes-9/800/600
Chambre Économique Avignon,Option économique propre et fonctionnelle pour courts séjours.,67,1,1,1,1,1,16,available,Avignon Palais des Papes,https://picsum.photos/seed/room-avignon-papes-10/800/600;https://picsum.photos/seed/room-avignon-papes-10-b/800/600
Chambre Accessible PMR Avignon,"Chambre adaptée mobilité réduite, douche à l'italienne et barres d'appui.",93,2,1,1,1,1,25,available,Avignon Palais des Papes,https://picsum.photos/seed/room-avignon-papes-11/800/600
Duplex Vue Avignon,"Duplex avec mezzanine, salon et literie king size pour séjours prolongés.",156,3,1,1,2,1,45,maintenance,Avignon Palais des Papes,https://picsum.photos/seed/room-avignon-papes-12/800/600
Chambre Standard Dijon,"Chambre confortable avec literie premium, climatisation et Wi-Fi fibre.",82,2,1,1,1,1,22,available,Dijon Bourgogne,https://picsum.photos/seed/room-dijon-bourgogne-1/800/600;https://picsum.photos/seed/room-dijon-bourgogne-1-b/800/600
Chambre Supérieure Dijon,"Espace optimisé avec bureau, machine Nespresso et salle de bain moderne.",94,2,1,1,1,1,26,available,Dijon Bourgogne,https://picsum.photos/seed/room-dijon-bourgogne-2/800/600
Chambre Deluxe Dijon,"Chambre spacieuse avec vue partielle, minibar et peignoirs fournis.",111,2,1,1,1,1,30,available,Dijon Bourgogne,https://picsum.photos/seed/room-dijon-bourgogne-3/800/600
Chambre Twin Dijon,"Deux lits simples idéale pour collègues ou amis, espace rangement généreux.",90,2,1,1,2,1,24,available,Dijon Bourgogne,https://picsum.photos/seed/room-dijon-bourgogne-4/800/600;https://picsum.photos/seed/room-dijon-bourgogne-4-b/800/600
Chambre Familiale Dijon,Grande chambre pouvant accueillir jusqu'à quatre personnes avec canapé-lit.,119,4,2,1,2,1,38,available,Dijon Bourgogne,https://picsum.photos/seed/room-dijon-bourgogne-5/800/600
Studio Affaires Dijon,"Studio avec coin bureau, prise USB-C et accès salle de réunion sur demande.",98,1,1,1,1,1,28,occupied,Dijon Bourgogne,https://picsum.photos/seed/room-dijon-bourgogne-6/800/600
Junior Suite Dijon,"Junior suite avec salon séparé, baignoire et vue sur la ville.",135,2,1,1,1,1,36,available,Dijon Bourgogne,https://picsum.photos/seed/room-dijon-bourgogne-7/800/600;https://picsum.photos/seed/room-dijon-bourgogne-7-b/800/600
Suite Panorama Dijon,Suite avec balcon ou terrasse et vue panoramique sur les environs.,156,2,1,1,1,1,42,available,Dijon Bourgogne,https://picsum.photos/seed/room-dijon-bourgogne-8/800/600
Suite Prestige Dijon,Suite haut de gamme avec service de chambre 24h/24 et produits d'accueil bio.,180,2,1,1,1,1,48,maintenance,Dijon Bourgogne,https://picsum.photos/seed/room-dijon-bourgogne-9/800/600
Chambre Économique Dijon,Option économique propre et fonctionnelle pour courts séjours.,62,1,1,1,1,1,16,available,Dijon Bourgogne,https://picsum.photos/seed/room-dijon-bourgogne-10/800/600;https://picsum.photos/seed/room-dijon-bourgogne-10-b/800/600
Chambre Accessible PMR Dijon,"Chambre adaptée mobilité réduite, douche à l'italienne et barres d'appui.",86,2,1,1,1,1,25,available,Dijon Bourgogne,https://picsum.photos/seed/room-dijon-bourgogne-11/800/600
Duplex Vue Dijon,"Duplex avec mezzanine, salon et literie king size pour séjours prolongés.",144,3,1,1,2,1,45,maintenance,Dijon Bourgogne,https://picsum.photos/seed/room-dijon-bourgogne-12/800/600
Chambre Standard Tours,"Chambre confortable avec literie premium, climatisation et Wi-Fi fibre.",96,2,1,1,1,1,22,available,Tours Loire Valley,https://picsum.photos/seed/room-tours-loire-1/800/600;https://picsum.photos/seed/room-tours-loire-1-b/800/600
Chambre Supérieure Tours,"Espace optimisé avec bureau, machine Nespresso et salle de bain moderne.",110,2,1,1,1,1,26,available,Tours Loire Valley,https://picsum.photos/seed/room-tours-loire-2/800/600
Chambre Deluxe Tours,"Chambre spacieuse avec vue partielle, minibar et peignoirs fournis.",130,2,1,1,1,1,30,available,Tours Loire Valley,https://picsum.photos/seed/room-tours-loire-3/800/600
Chambre Twin Tours,"Deux lits simples idéale pour collègues ou amis, espace rangement généreux.",106,2,1,1,2,1,24,available,Tours Loire Valley,https://picsum.photos/seed/room-tours-loire-4/800/600;https://picsum.photos/seed/room-tours-loire-4-b/800/600
Chambre Familiale Tours,Grande chambre pouvant accueillir jusqu'à quatre personnes avec canapé-lit.,139,4,2,1,2,1,38,available,Tours Loire Valley,https://picsum.photos/seed/room-tours-loire-5/800/600
Studio Affaires Tours,"Studio avec coin bureau, prise USB-C et accès salle de réunion sur demande.",115,1,1,1,1,1,28,occupied,Tours Loire Valley,https://picsum.photos/seed/room-tours-loire-6/800/600
Junior Suite Tours,"Junior suite avec salon séparé, baignoire et vue sur la ville.",158,2,1,1,1,1,36,available,Tours Loire Valley,https://picsum.photos/seed/room-tours-loire-7/800/600;https://picsum.photos/seed/room-tours-loire-7-b/800/600
Suite Panorama Tours,Suite avec balcon ou terrasse et vue panoramique sur les environs.,182,2,1,1,1,1,42,available,Tours Loire Valley,https://picsum.photos/seed/room-tours-loire-8/800/600
Suite Prestige Tours,Suite haut de gamme avec service de chambre 24h/24 et produits d'accueil bio.,211,2,1,1,1,1,48,maintenance,Tours Loire Valley,https://picsum.photos/seed/room-tours-loire-9/800/600
Chambre Économique Tours,Option économique propre et fonctionnelle pour courts séjours.,72,1,1,1,1,1,16,available,Tours Loire Valley,https://picsum.photos/seed/room-tours-loire-10/800/600;https://picsum.photos/seed/room-tours-loire-10-b/800/600
Chambre Accessible PMR Tours,"Chambre adaptée mobilité réduite, douche à l'italienne et barres d'appui.",101,2,1,1,1,1,25,available,Tours Loire Valley,https://picsum.photos/seed/room-tours-loire-11/800/600
Duplex Vue Tours,"Duplex avec mezzanine, salon et literie king size pour séjours prolongés.",168,3,1,1,2,1,45,maintenance,Tours Loire Valley,https://picsum.photos/seed/room-tours-loire-12/800/600
Chambre Standard Toulon,"Chambre confortable avec literie premium, climatisation et Wi-Fi fibre.",108,2,1,1,1,1,22,available,Toulon Mourillon,https://picsum.photos/seed/room-toulon-mourillon-1/800/600;https://picsum.photos/seed/room-toulon-mourillon-1-b/800/600
Chambre Supérieure Toulon,"Espace optimisé avec bureau, machine Nespresso et salle de bain moderne.",124,2,1,1,1,1,26,available,Toulon Mourillon,https://picsum.photos/seed/room-toulon-mourillon-2/800/600
Chambre Deluxe Toulon,"Chambre spacieuse avec vue partielle, minibar et peignoirs fournis.",146,2,1,1,1,1,30,available,Toulon Mourillon,https://picsum.photos/seed/room-toulon-mourillon-3/800/600
Chambre Twin Toulon,"Deux lits simples idéale pour collègues ou amis, espace rangement généreux.",119,2,1,1,2,1,24,available,Toulon Mourillon,https://picsum.photos/seed/room-toulon-mourillon-4/800/600;https://picsum.photos/seed/room-toulon-mourillon-4-b/800/600
Chambre Familiale Toulon,Grande chambre pouvant accueillir jusqu'à quatre personnes avec canapé-lit.,157,4,2,1,2,1,38,available,Toulon Mourillon,https://picsum.photos/seed/room-toulon-mourillon-5/800/600
Studio Affaires Toulon,"Studio avec coin bureau, prise USB-C et accès salle de réunion sur demande.",130,1,1,1,1,1,28,occupied,Toulon Mourillon,https://picsum.photos/seed/room-toulon-mourillon-6/800/600
Junior Suite Toulon,"Junior suite avec salon séparé, baignoire et vue sur la ville.",178,2,1,1,1,1,36,available,Toulon Mourillon,https://picsum.photos/seed/room-toulon-mourillon-7/800/600;https://picsum.photos/seed/room-toulon-mourillon-7-b/800/600
Suite Panorama Toulon,Suite avec balcon ou terrasse et vue panoramique sur les environs.,205,2,1,1,1,1,42,available,Toulon Mourillon,https://picsum.photos/seed/room-toulon-mourillon-8/800/600
Suite Prestige Toulon,Suite haut de gamme avec service de chambre 24h/24 et produits d'accueil bio.,238,2,1,1,1,1,48,maintenance,Toulon Mourillon,https://picsum.photos/seed/room-toulon-mourillon-9/800/600
Chambre Économique Toulon,Option économique propre et fonctionnelle pour courts séjours.,81,1,1,1,1,1,16,available,Toulon Mourillon,https://picsum.photos/seed/room-toulon-mourillon-10/800/600;https://picsum.photos/seed/room-toulon-mourillon-10-b/800/600
Chambre Accessible PMR Toulon,"Chambre adaptée mobilité réduite, douche à l'italienne et barres d'appui.",113,2,1,1,1,1,25,available,Toulon Mourillon,https://picsum.photos/seed/room-toulon-mourillon-11/800/600
Duplex Vue Toulon,"Duplex avec mezzanine, salon et literie king size pour séjours prolongés.",189,3,1,1,2,1,45,maintenance,Toulon Mourillon,https://picsum.photos/seed/room-toulon-mourillon-12/800/600
